firstname,lastname,email,password
John,Doe,johndoe@example.com,123abc
Jane,Smith,janesmith@example.com,xyz456
Robert,Brown,robertbrown@example.com,qwe789
Emily,Johnson,emilyjohnson@example.com,rty012
Michael,Williams,michaelwilliams@example.com,uio345
Emma,Jones,emmajones@example.com,asd678
Daniel,Davis,danieldavis@example.com,zxc901
Sophia,Martinez,sophiamartinez@example.com,ghj234
David,Garcia,davidgarcia@example.com,bnm567
Olivia,Rodriguez,oliviarodriguez@example.com,klp890